content,type,channel,url
chengdu,city,pinterest,https://mitaste.com/city/chengdu/?utm_source=pinterest&utm_medium=organic_social&utm_campaign=overseas_launch_2026&utm_content=chengdu_city_card
chengdu,city,instagram,https://mitaste.com/city/chengdu/?utm_source=instagram&utm_medium=organic_social&utm_campaign=overseas_launch_2026&utm_content=chengdu_city_card
chengdu,city,reddit,https://mitaste.com/city/chengdu/?utm_source=reddit&utm_medium=community&utm_campaign=overseas_launch_2026&utm_content=chengdu_city_card
chengdu,city,creator,https://mitaste.com/city/chengdu/?utm_source=creator&utm_medium=referral&utm_campaign=overseas_launch_2026&utm_content=chengdu_city_card
xian,city,pinterest,https://mitaste.com/city/xian/?utm_source=pinterest&utm_medium=organic_social&utm_campaign=overseas_launch_2026&utm_content=xian_city_card
xian,city,instagram,https://mitaste.com/city/xian/?utm_source=instagram&utm_medium=organic_social&utm_campaign=overseas_launch_2026&utm_content=xian_city_card
xian,city,reddit,https://mitaste.com/city/xian/?utm_source=reddit&utm_medium=community&utm_campaign=overseas_launch_2026&utm_content=xian_city_card
xian,city,creator,https://mitaste.com/city/xian/?utm_source=creator&utm_medium=referral&utm_campaign=overseas_launch_2026&utm_content=xian_city_card
guangzhou,city,pinterest,https://mitaste.com/city/guangzhou/?utm_source=pinterest&utm_medium=organic_social&utm_campaign=overseas_launch_2026&utm_content=guangzhou_city_card
guangzhou,city,instagram,https://mitaste.com/city/guangzhou/?utm_source=instagram&utm_medium=organic_social&utm_campaign=overseas_launch_2026&utm_content=guangzhou_city_card
guangzhou,city,reddit,https://mitaste.com/city/guangzhou/?utm_source=reddit&utm_medium=community&utm_campaign=overseas_launch_2026&utm_content=guangzhou_city_card
guangzhou,city,creator,https://mitaste.com/city/guangzhou/?utm_source=creator&utm_medium=referral&utm_campaign=overseas_launch_2026&utm_content=guangzhou_city_card
changsha,city,pinterest,https://mitaste.com/city/changsha/?utm_source=pinterest&utm_medium=organic_social&utm_campaign=overseas_launch_2026&utm_content=changsha_city_card
changsha,city,instagram,https://mitaste.com/city/changsha/?utm_source=instagram&utm_medium=organic_social&utm_campaign=overseas_launch_2026&utm_content=changsha_city_card
changsha,city,reddit,https://mitaste.com/city/changsha/?utm_source=reddit&utm_medium=community&utm_campaign=overseas_launch_2026&utm_content=changsha_city_card
changsha,city,creator,https://mitaste.com/city/changsha/?utm_source=creator&utm_medium=referral&utm_campaign=overseas_launch_2026&utm_content=changsha_city_card
wuhan,city,pinterest,https://mitaste.com/city/wuhan/?utm_source=pinterest&utm_medium=organic_social&utm_campaign=overseas_launch_2026&utm_content=wuhan_city_card
wuhan,city,instagram,https://mitaste.com/city/wuhan/?utm_source=instagram&utm_medium=organic_social&utm_campaign=overseas_launch_2026&utm_content=wuhan_city_card
wuhan,city,reddit,https://mitaste.com/city/wuhan/?utm_source=reddit&utm_medium=community&utm_campaign=overseas_launch_2026&utm_content=wuhan_city_card
wuhan,city,creator,https://mitaste.com/city/wuhan/?utm_source=creator&utm_medium=referral&utm_campaign=overseas_launch_2026&utm_content=wuhan_city_card
chongqing,city,pinterest,https://mitaste.com/city/chongqing/?utm_source=pinterest&utm_medium=organic_social&utm_campaign=overseas_launch_2026&utm_content=chongqing_city_card
chongqing,city,instagram,https://mitaste.com/city/chongqing/?utm_source=instagram&utm_medium=organic_social&utm_campaign=overseas_launch_2026&utm_content=chongqing_city_card
chongqing,city,reddit,https://mitaste.com/city/chongqing/?utm_source=reddit&utm_medium=community&utm_campaign=overseas_launch_2026&utm_content=chongqing_city_card
chongqing,city,creator,https://mitaste.com/city/chongqing/?utm_source=creator&utm_medium=referral&utm_campaign=overseas_launch_2026&utm_content=chongqing_city_card
chaozhou,city,pinterest,https://mitaste.com/city/chaozhou/?utm_source=pinterest&utm_medium=organic_social&utm_campaign=overseas_launch_2026&utm_content=chaozhou_city_card
chaozhou,city,instagram,https://mitaste.com/city/chaozhou/?utm_source=instagram&utm_medium=organic_social&utm_campaign=overseas_launch_2026&utm_content=chaozhou_city_card
chaozhou,city,reddit,https://mitaste.com/city/chaozhou/?utm_source=reddit&utm_medium=community&utm_campaign=overseas_launch_2026&utm_content=chaozhou_city_card
chaozhou,city,creator,https://mitaste.com/city/chaozhou/?utm_source=creator&utm_medium=referral&utm_campaign=overseas_launch_2026&utm_content=chaozhou_city_card
liuzhou,city,pinterest,https://mitaste.com/city/liuzhou/?utm_source=pinterest&utm_medium=organic_social&utm_campaign=overseas_launch_2026&utm_content=liuzhou_city_card
liuzhou,city,instagram,https://mitaste.com/city/liuzhou/?utm_source=instagram&utm_medium=organic_social&utm_campaign=overseas_launch_2026&utm_content=liuzhou_city_card
liuzhou,city,reddit,https://mitaste.com/city/liuzhou/?utm_source=reddit&utm_medium=community&utm_campaign=overseas_launch_2026&utm_content=liuzhou_city_card
liuzhou,city,creator,https://mitaste.com/city/liuzhou/?utm_source=creator&utm_medium=referral&utm_campaign=overseas_launch_2026&utm_content=liuzhou_city_card
yanji,city,pinterest,https://mitaste.com/city/yanji/?utm_source=pinterest&utm_medium=organic_social&utm_campaign=overseas_launch_2026&utm_content=yanji_city_card
yanji,city,instagram,https://mitaste.com/city/yanji/?utm_source=instagram&utm_medium=organic_social&utm_campaign=overseas_launch_2026&utm_content=yanji_city_card
yanji,city,reddit,https://mitaste.com/city/yanji/?utm_source=reddit&utm_medium=community&utm_campaign=overseas_launch_2026&utm_content=yanji_city_card
yanji,city,creator,https://mitaste.com/city/yanji/?utm_source=creator&utm_medium=referral&utm_campaign=overseas_launch_2026&utm_content=yanji_city_card
taizhou,city,pinterest,https://mitaste.com/city/taizhou/?utm_source=pinterest&utm_medium=organic_social&utm_campaign=overseas_launch_2026&utm_content=taizhou_city_card
taizhou,city,instagram,https://mitaste.com/city/taizhou/?utm_source=instagram&utm_medium=organic_social&utm_campaign=overseas_launch_2026&utm_content=taizhou_city_card
taizhou,city,reddit,https://mitaste.com/city/taizhou/?utm_source=reddit&utm_medium=community&utm_campaign=overseas_launch_2026&utm_content=taizhou_city_card
taizhou,city,creator,https://mitaste.com/city/taizhou/?utm_source=creator&utm_medium=referral&utm_campaign=overseas_launch_2026&utm_content=taizhou_city_card
kashgar,city,pinterest,https://mitaste.com/city/kashgar/?utm_source=pinterest&utm_medium=organic_social&utm_campaign=overseas_launch_2026&utm_content=kashgar_city_card
kashgar,city,instagram,https://mitaste.com/city/kashgar/?utm_source=instagram&utm_medium=organic_social&utm_campaign=overseas_launch_2026&utm_content=kashgar_city_card
kashgar,city,reddit,https://mitaste.com/city/kashgar/?utm_source=reddit&utm_medium=community&utm_campaign=overseas_launch_2026&utm_content=kashgar_city_card
kashgar,city,creator,https://mitaste.com/city/kashgar/?utm_source=creator&utm_medium=referral&utm_campaign=overseas_launch_2026&utm_content=kashgar_city_card
yangzhou,city,pinterest,https://mitaste.com/city/yangzhou/?utm_source=pinterest&utm_medium=organic_social&utm_campaign=overseas_launch_2026&utm_content=yangzhou_city_card
yangzhou,city,instagram,https://mitaste.com/city/yangzhou/?utm_source=instagram&utm_medium=organic_social&utm_campaign=overseas_launch_2026&utm_content=yangzhou_city_card
yangzhou,city,reddit,https://mitaste.com/city/yangzhou/?utm_source=reddit&utm_medium=community&utm_campaign=overseas_launch_2026&utm_content=yangzhou_city_card
yangzhou,city,creator,https://mitaste.com/city/yangzhou/?utm_source=creator&utm_medium=referral&utm_campaign=overseas_launch_2026&utm_content=yangzhou_city_card
best-food-cities-in-china,guide,pinterest,https://mitaste.com/guides/best-food-cities-in-china/?utm_source=pinterest&utm_medium=organic_social&utm_campaign=overseas_launch_2026&utm_content=best-food-cities-in-china_comparison_card
best-food-cities-in-china,guide,instagram,https://mitaste.com/guides/best-food-cities-in-china/?utm_source=instagram&utm_medium=organic_social&utm_campaign=overseas_launch_2026&utm_content=best-food-cities-in-china_comparison_card
best-food-cities-in-china,guide,reddit,https://mitaste.com/guides/best-food-cities-in-china/?utm_source=reddit&utm_medium=community&utm_campaign=overseas_launch_2026&utm_content=best-food-cities-in-china_comparison_card
best-food-cities-in-china,guide,creator,https://mitaste.com/guides/best-food-cities-in-china/?utm_source=creator&utm_medium=referral&utm_campaign=overseas_launch_2026&utm_content=best-food-cities-in-china_comparison_card
hidden-gem-food-cities-in-china,guide,pinterest,https://mitaste.com/guides/hidden-gem-food-cities-in-china/?utm_source=pinterest&utm_medium=organic_social&utm_campaign=overseas_launch_2026&utm_content=hidden-gem-food-cities-in-china_comparison_card
hidden-gem-food-cities-in-china,guide,instagram,https://mitaste.com/guides/hidden-gem-food-cities-in-china/?utm_source=instagram&utm_medium=organic_social&utm_campaign=overseas_launch_2026&utm_content=hidden-gem-food-cities-in-china_comparison_card
hidden-gem-food-cities-in-china,guide,reddit,https://mitaste.com/guides/hidden-gem-food-cities-in-china/?utm_source=reddit&utm_medium=community&utm_campaign=overseas_launch_2026&utm_content=hidden-gem-food-cities-in-china_comparison_card
hidden-gem-food-cities-in-china,guide,creator,https://mitaste.com/guides/hidden-gem-food-cities-in-china/?utm_source=creator&utm_medium=referral&utm_campaign=overseas_launch_2026&utm_content=hidden-gem-food-cities-in-china_comparison_card
china-food-travel-map,guide,pinterest,https://mitaste.com/guides/china-food-travel-map/?utm_source=pinterest&utm_medium=organic_social&utm_campaign=overseas_launch_2026&utm_content=china-food-travel-map_comparison_card
china-food-travel-map,guide,instagram,https://mitaste.com/guides/china-food-travel-map/?utm_source=instagram&utm_medium=organic_social&utm_campaign=overseas_launch_2026&utm_content=china-food-travel-map_comparison_card
china-food-travel-map,guide,reddit,https://mitaste.com/guides/china-food-travel-map/?utm_source=reddit&utm_medium=community&utm_campaign=overseas_launch_2026&utm_content=china-food-travel-map_comparison_card
china-food-travel-map,guide,creator,https://mitaste.com/guides/china-food-travel-map/?utm_source=creator&utm_medium=referral&utm_campaign=overseas_launch_2026&utm_content=china-food-travel-map_comparison_card
